{
  "n_total": 950,
  "n_erg_sentences": 112,
  "n_abs_sentences": 946,
  "bleu": 11.750970030004856,
  "bleu_signature": "nrefs:1|case:mixed|eff:no|tok:13a|smooth:exp|version:2.6.0",
  "chrf": 51.715564334330026,
  "chrf_signature": "nrefs:1|case:mixed|eff:yes|nc:6|nw:0|space:no|version:2.6.0",
  "ergative_hit_rate": 0.5535714285714286,
  "ergative_error_rate": 0.05357142857142857,
  "absolutive_hit_rate": 0.8424947145877378,
  "absolutive_error_rate": 0.009513742071881607
}
