{
  "n_total": 950,
  "n_erg_sentences": 112,
  "n_abs_sentences": 946,
  "bleu": 10.737824389296179,
  "bleu_signature": "nrefs:1|case:mixed|eff:no|tok:13a|smooth:exp|version:2.6.0",
  "chrf": 49.68573190554592,
  "chrf_signature": "nrefs:1|case:mixed|eff:yes|nc:6|nw:0|space:no|version:2.6.0",
  "ergative_hit_rate": 0.5267857142857143,
  "ergative_error_rate": 0.0625,
  "absolutive_hit_rate": 0.8329809725158562,
  "absolutive_error_rate": 0.013742071881606765
}
